Ä_¥i¹Ú¯à¤O­Èªí,,,,,,,,
¦W¦r,³Ì¤j CP,³Ì¤j HP,§ðÀ»,¨¾¿m,­@¤O,ÄÝ©Ê,¶Ç»¡Ä_¥i¹Ú,¤Û¤§Ä_¥i¹Ú
½Ð°²¤ý,"4,431",233,290,166,284,¤@¯ë,§_,§_
¬ü¬¥­C¶ð,"3,972",187,250,225,225,¤@¯ë,§_,¬O
¦hÃäÃ~¢è,"3,266",166,264,150,198,¤@¯ë,§_,§_
¥d¤ñÃ~,"3,225",269,190,169,330,¤@¯ë,§_,§_
«i¤h¶¯ÆN,"3,088",187,232,152,225,¤@¯ë,§_,§_
°é°éºµ,"2,945",173,236,144,207,¤@¯ë,§_,§_
ªø¤òª¯,"2,827",166,206,182,198,¤@¯ë,§_,§_
©i§JÆN,"2,825",166,234,140,198,¤@¯ë,§_,§_
Ãz¬µÀY¤ô¤û,"2,797",180,195,182,216,¤@¯ë,§_,§_
©¯ºÖ³J,"2,757",399,129,169,496,¤@¯ë,§_,§_
°ª¶Æ¹nÂû,"2,734",160,226,146,190,¤@¯ë,§_,§_
¦hÃäÃ~¢º,"2,711",166,198,180,198,¤@¯ë,§_,§_
°ôÄdºµ,"2,652",177,180,194,212,¤@¯ë,§_,§_
ªÖ®õÃ¹,"2,620",153,198,183,181,¤@¯ë,§_,§_
³UÃ~,"2,586",193,181,165,233,¤@¯ë,§_,§_
¤j¦Þ»Q,"2,467",200,161,181,242,¤@¯ë,§_,§_
Âù§À©Ç¤â,"2,418",153,205,143,181,¤@¯ë,§_,§_
¿ßÃ^±Ù,"2,418",150,222,124,177,¤@¯ë,§_,§_
µÞªÞ³À,"2,416",160,198,146,190,¤@¯ë,§_,§_
¹Ê¹Ê§Q,"2,362",132,218,140,155,¤@¯ë,§_,§_
¤j¥¤Åø,"2,354",180,157,193,216,¤@¯ë,§_,§_
Ãz­µ©Ç,"2,347",193,179,137,232,¤@¯ë,§_,§_
©_¿Õ®ß¹«,"2,242",153,198,130,181,¤@¯ë,§_,§_
Åå¨¤³À,"2,164",150,192,131,177,¤@¯ë,§_,§_
¤j¤ñ³¾,"2,129",164,166,154,195,¤@¯ë,§_,§_
ªø¦Õ¨ß,"2,059",139,156,194,163,¤@¯ë,§_,§_
ÄQÅï©_,"2,046",146,182,133,172,¤@¯ë,§_,§_
¿ßÀY©]ÆN,"2,024",187,145,156,225,¤@¯ë,§_,§_
¤j¼L³¶,"1,997",139,182,133,163,¤@¯ë,§_,§_
¹L°Ê·á,"1,968",160,159,145,190,¤@¯ë,§_,§_
ªF¬IØp,"1,953",147,172,133,174,¤@¯ë,§_,§_
­D¥i¤B,"1,926",242,156,90,295,¤@¯ë,§_,§_
¤j¤ý¿P,"1,920",132,185,124,155,¤@¯ë,§_,§_
¤p¥d¤ñÃ~,"1,892",235,137,117,286,¤@¯ë,§_,§_
¤j§À¯W,"1,823",158,162,119,188,¤@¯ë,§_,§_
¨B­ï¹«,"1,819",132,165,139,155,¤@¯ë,§_,§_
µÁ¾¸³¾,"1,791",154,183,91,183,¤@¯ë,§_,§_
¤j§À¥ß,"1,758",166,148,125,198,¤@¯ë,§_,§_
©Ô¹F,"1,730",125,161,139,146,¤@¯ë,§_,§_
¦hÃäÃ~,"1,720",139,153,136,163,¤@¯ë,§_,§_
¤gÀs§Ì§Ì,"1,689",187,131,128,225,¤@¯ë,§_,§_
¿ß¦Ñ¤j,"1,689",139,150,136,163,¤@¯ë,§_,§_
®t¤£¦h«½«½,"1,682",191,114,163,230,¤@¯ë,§_,§_
ª½½Äºµ,"1,662",157,142,128,186,¤@¯ë,§_,§_
ÄÆ¯Bªwªw,"1,632",146,139,139,172,¤@¯ë,§_,§_
«¢¬ù§J,"1,583",139,145,126,163,¤@¯ë,§_,§_
Àu¶®¿ß,"1,496",146,132,127,172,¤@¯ë,§_,§_
¤òÀY¤pÆN,"1,491",146,150,97,172,¤@¯ë,§_,§_
©B©BÂF,"1,442",135,144,107,158,¤@¯ë,§_,§_
¤j¦ÞÀY,"1,411",173,108,137,207,¤@¯ë,§_,§_
ªø§À©Ç¤â,"1,348",125,136,112,146,¤@¯ë,§_,§_
ºµÄ_Ä_,"1,328",132,142,93,155,¤@¯ë,§_,§_
§qÃz¼u,"1,327",165,134,81,197,¤@¯ë,§_,§_
©i§J³¾,"1,299",125,142,94,146,¤@¯ë,§_,§_
±²±²¦Õ,"1,258",125,130,105,146,¤@¯ë,§_,§_
¦N§Q³J,"1,255",392,60,128,487,¤@¯ë,§_,§_
¤j½µÀn,"1,236",121,124,115,141,¤@¯ë,§_,§_
®Ì®Ì´³,"1,220",132,116,116,155,¤@¯ë,§_,§_
¹Ê¹Ê,"1,200",98,158,83,111,¤@¯ë,§_,§_
¤ñ¤ñ³¾,"1,194",136,117,105,160,¤@¯ë,§_,§_
¥|©u³À,"1,135",132,115,100,155,¤@¯ë,§_,§_
¥ì¥¬,"1,071",125,104,114,146,¤@¯ë,§_,§_
Ãi¤HÃ¡,"1,002",132,104,92,155,¤@¯ë,§_,§_
¾y¤OØp,934,117,109,82,135,¤@¯ë,§_,§_
¤p¬ù§J,915,111,107,86,128,¤@¯ë,§_,§_
ªwªj®ß¹«,872,125,98,80,146,¤@¯ë,§_,§_
¨§¨§ÂF,848,118,98,80,137,¤@¯ë,§_,§_
¦ÊÅÜ©Ç,832,116,91,91,134,¤@¯ë,§_,§_
«Cºø³¾,824,111,76,132,128,¤@¯ë,§_,§_
¯P³¶,798,105,112,60,120,¤@¯ë,§_,§_
±´±´¹«,791,111,98,73,128,¤@¯ë,§_,§_
¶Æ°©¿P,765,105,106,61,120,¤@¯ë,§_,§_
ØpØp,748,105,92,78,120,¤@¯ë,§_,§_
¦V§ÀØp,739,118,84,79,137,¤@¯ë,§_,§_
¤p©Ô¹F,734,91,103,70,102,¤@¯ë,§_,§_
­D¤B,724,207,80,41,251,¤@¯ë,§_,§_
¤j¤ú¯W,721,131,80,73,153,¤@¯ë,§_,§_
©i§J¨à,719,105,101,58,120,¤@¯ë,§_,§_
ªiªi,680,105,85,73,120,¤@¯ë,§_,§_
©B©B,677,132,67,88,155,¤@¯ë,§_,§_
©B§¬§¬,671,138,92,42,162,¤@¯ë,§_,§_
§À¥ß,618,98,79,73,111,¤@¯ë,§_,§_
Ä_Ä_¤B,535,173,69,32,207,¤@¯ë,§_,§_
³D¯¾ºµ,508,102,58,80,116,¤@¯ë,§_,§_
¤pºÖ³J,371,187,25,77,225,¤@¯ë,§_,§_
ÅS¤OÄR,364,118,36,71,137,¤@¯ë,§_,§_
µU©Ç,"1,164",105,148,82,120,®æ°«,§_,§_
¤õÃzµU,"2,288",139,207,138,163,®æ°«,§_,§_
°A­»ªa¤h,"2,586",173,182,184,207,®æ°«,§_,§_
µÃ¤O,"1,278",146,137,82,172,®æ°«,§_,§_
»¨¤O,"2,031",160,177,125,190,®æ°«,§_,§_
©Ç¤O,"3,056",173,234,159,207,®æ°«,§_,§_
­¸»L­¦,"2,576",118,224,181,137,®æ°«,§_,§_
§Ö®±­¦,"2,332",118,193,197,137,®æ°«,§_,§_
»®©Ô§JÃ¹´µ,"3,101",160,234,179,190,®æ°«,§_,§_
µL¬È¤p¤l,492,98,64,64,111,®æ°«,§_,§_
¾Ô»R­¦,"2,156",118,173,207,137,®æ°«,§_,§_
¤O§§Âû,"1,652",132,163,115,155,®æ°«,§_,§_
¤õµKÂû,"2,848",160,240,141,190,®æ°«,§_,§_
¤æ²ÁÛ£,"2,628",132,241,144,155,®æ°«,§_,§_
¹õ¤U¤O¤h,817,149,99,54,176,®æ°«,§_,§_
ÅK´x¤O¤h,"2,829",247,209,114,302,®æ°«,§_,§_
º¿¨F¨º,693,91,78,107,102,®æ°«,§_,§_
«ê¹p©i,"1,431",132,121,152,155,®æ°«,§_,§_
²r¤õµU,"1,574",138,158,105,162,®æ°«,§_,§_
¯PµKµU,"2,683",154,222,151,183,®æ°«,§_,§_
§Q¼Ú¸ô,993,105,127,78,120,®æ°«,§_,§_
¸ô¥d§Q¼Ú,"2,703",146,236,144,172,®æ°«,§_,§_
¤£¨}µì,952,116,116,76,134,®æ°«,§_,§_
¬r¾uµì,"2,488",164,211,133,195,®æ°«,§_,§_
¦ã¸ô¹p¦·,"3,093",143,237,195,169,®æ°«,§_,§_
ª£ª£½Þ,"1,924",173,173,106,207,®æ°«,§_,§_
ª¢ªZ¤ý,"2,982",200,235,127,242,®æ°«,§_,§_
·h¹B¤p¦K,"1,315",153,134,87,181,®æ°«,§_,§_
ÅK°©¤g¤H,"2,169",166,180,134,198,®æ°«,§_,§_
­×«Ø¦Ñ¦K,"3,337",193,243,158,233,®æ°«,§_,§_
§ëºL°­,"2,562",214,172,160,260,®æ°«,§_,§_
¥´À»°­,"2,788",153,231,153,181,®æ°«,§_,§_
·Æ·Æ¤p¤l,"1,372",118,132,132,137,®æ°«,§_,§_
ÀY¤y²V²V,"2,283",139,163,222,163,®æ°«,§_,§_
¥\¤ÒÃ^,"1,389",111,160,98,128,®æ°«,§_,§_
®v¤÷Ã^,"2,710",139,258,127,163,®æ°«,§_,§_
¤Ä©¬¸ô¯Î,"3,022",175,192,229,209,®æ°«,¬O,§_
¥N©Ô°ò¯Î,"3,698",175,260,192,209,®æ°«,¬O,§_
²¦¤O¦N¯Î,"3,022",175,192,229,209,®æ°«,¬O,§_
³Í¸ô­}¼Ú,"3,698",175,260,192,209,®æ°«,§_,¬O
½µ¹C§L,"2,985",135,248,176,158,®æ°«,§_,§_
¼Q¤õÀs,"2,889",157,223,173,186,­¸¦æ,§_,§_
¤Ú¤j½º,"1,827",132,167,137,155,­¸¦æ,§_,§_
ªiªi,680,105,85,73,120,­¸¦æ,§_,§_
¤ñ¤ñ³¾,"1,194",136,117,105,160,­¸¦æ,§_,§_
¤j¤ñ³¾,"2,129",164,166,154,195,­¸¦æ,§_,§_
¯P³¶,798,105,112,60,120,­¸¦æ,§_,§_
¤j¼L³¶,"1,997",139,182,133,163,­¸¦æ,§_,§_
¶W­µ½»,667,105,83,73,120,­¸¦æ,§_,§_
¤j¼L½»,"1,976",153,161,150,181,­¸¦æ,§_,§_
¤j½µÀn,"1,236",121,124,115,141,­¸¦æ,§_,§_
¹Ê¹Ê,"1,200",98,158,83,111,­¸¦æ,§_,§_
¹Ê¹Ê§Q,"2,362",132,218,140,155,­¸¦æ,§_,§_
­¸¤ÑÁ®½¸,"2,706",146,218,170,172,­¸¦æ,§_,§_
¼ÉÃUÀs,"3,391",180,237,186,216,­¸¦æ,§_,§_
¤Æ¥ÛÁlÀs,"2,783",160,221,159,190,­¸¦æ,§_,§_
«æ­á³¾,"3,051",173,192,236,207,­¸¦æ,¬O,§_
°{¹q³¾,"3,527",173,253,185,207,­¸¦æ,¬O,§_
¤õµK³¾,"3,465",173,251,181,207,­¸¦æ,¬O,§_
§ÖÀs,"3,792",175,263,198,209,­¸¦æ,§_,§_
©B©B,677,132,67,88,155,­¸¦æ,§_,§_
¿ßÀY©]ÆN,"2,024",187,145,156,225,­¸¦æ,§_,§_
ªÝ¿]ÂÎ,728,105,72,118,120,­¸¦æ,§_,§_
¦w¿]ÂÎ,"1,346",125,107,179,146,­¸¦æ,§_,§_
¤e¦r½»,"2,646",166,194,178,198,­¸¦æ,§_,§_
ªi§J°ò¥j,"1,708",125,139,181,146,­¸¦æ,§_,§_
¤ÑµM³¶,"1,102",105,134,89,120,­¸¦æ,§_,§_
¤ÑµM³¾,"2,188",139,192,146,163,­¸¦æ,§_,§_
··¤l¯ó,600,98,67,94,111,­¸¦æ,§_,§_
··¤lªá,976,125,91,120,146,­¸¦æ,§_,§_
··¤l´Ö,"1,636",153,118,183,181,­¸¦æ,§_,§_
»f»f¸»,"1,470",139,154,94,163,­¸¦æ,§_,§_
¶Â·t¾~,"1,562",132,175,87,155,­¸¦æ,§_,§_
¤ÑÃÈ,"1,857",139,143,184,163,­¸¦æ,§_,§_
«H¨Ï³¾,"1,094",111,128,90,128,­¸¦æ,§_,§_
¥¨¯Í­¸³½,"2,108",139,148,226,163,­¸¦æ,§_,§_
²¯¥Ò³¾,"2,108",139,148,226,163,­¸¦æ,§_,§_
¬¥©_¨È,"3,703",195,193,310,235,­¸¦æ,¬O,§_
»ñ¤ý,"3,863",179,239,244,214,­¸¦æ,¬O,§_
¬¼Ây»ñ½º,"1,765",132,189,98,155,­¸¦æ,§_,§_
¶Æ°©¿P,765,105,106,61,120,­¸¦æ,§_,§_
¤j¤ý¿P,"1,920",132,185,124,155,­¸¦æ,§_,§_
ªø¯ÍÅÃ,765,105,106,61,120,­¸¦æ,§_,§_
¤j¼LÅÃ,"2,127",132,175,174,155,­¸¦æ,§_,§_
«B¯Í¸¿,"2,270",146,192,150,172,­¸¦æ,§_,§_
«Cºø³¾,824,111,76,132,128,­¸¦æ,§_,§_
¤C¤i«C³¾,"2,004",153,141,201,181,­¸¦æ,§_,§_
¼ö±aÀs,"1,941",186,136,163,223,­¸¦æ,§_,§_
¼É­¸Às,"3,749",180,277,168,216,­¸¦æ,§_,§_
¯PªÅ§¤,"3,835",178,284,170,213,­¸¦æ,§_,§_
©i§J¨à,719,105,101,58,120,­¸¦æ,§_,§_
©i§J³¾,"1,299",125,142,94,146,­¸¦æ,§_,§_
©i§JÆN,"2,825",166,234,140,198,­¸¦æ,§_,§_
²Ô¤h¸¿,"1,815",146,185,98,172,­¸¦æ,§_,§_
¤T»e¸Á,494,91,59,83,102,­¸¦æ,§_,§_
¸Á¤k¤ý,"2,005",146,149,190,172,­¸¦æ,§_,§_
ÄÆÄÆ²y,"1,197",173,117,80,207,­¸¦æ,§_,§_
ÀH­·²y,"2,382",255,180,102,312,­¸¦æ,§_,§_
¯Q¾~ÀYÀY,"2,711",187,243,103,225,­¸¦æ,§_,§_
µÁ¾¸³¾,"1,791",154,183,91,183,­¸¦æ,§_,§_
¤p²y­¸³½,"1,248",111,105,179,128,­¸¦æ,§_,§_
ªi§J°ò´µ,"3,332",166,225,217,198,­¸¦æ,§_,§_
»·¥j¥¨¸»,"2,946",168,231,156,200,­¸¦æ,§_,§_
¤ÑÃÈ¤ý,"2,692",153,185,222,181,­¸¦æ,§_,§_
¨§¨§ÂF,848,118,98,80,137,­¸¦æ,§_,§_
©B©BÂF,"1,442",135,144,107,158,­¸¦æ,§_,§_
°ª¶Æ¹nÂû,"2,734",160,226,146,190,­¸¦æ,§_,§_
ºuºu½¿½»,"1,016",139,107,85,163,­¸¦æ,§_,§_
¤ß½¿½»,"1,716",142,161,119,167,­¸¦æ,§_,§_
¶H¼x³¾,"2,550",149,204,167,176,­¸¦æ,§_,§_
©l¯ª¤p³¾,"1,842",125,213,89,146,­¸¦æ,§_,§_
©l¯ª¤j³¾,"3,331",153,292,139,181,­¸¦æ,§_,§_
ÀnÄ_Ä_,856,135,84,96,158,­¸¦æ,§_,§_
»R¤ÑÃZ,"2,088",153,182,132,181,­¸¦æ,§_,§_
¹q­¸¹«,"1,633",125,158,127,146,­¸¦æ,§_,§_
¤òÀY¤pÆN,"1,491",146,150,97,172,­¸¦æ,§_,§_
«i¤h¶¯ÆN,"3,088",187,232,152,225,­¸¦æ,§_,§_
¨rÆN¤XÀY,"1,271",146,105,139,172,­¸¦æ,§_,§_
¨rÆN®R,"2,138",200,129,205,242,­¸¦æ,§_,§_
Às±²¶³,"3,345",158,266,164,188,­¸¦æ,¬O,§_
¹p¹q¶³,"3,345",158,266,164,188,­¸¦æ,¬O,§_
¤g¦a¶³,"3,588",171,261,182,205,­¸¦æ,¬O,§_
§®µìºØ¤l,"1,115",111,118,111,128,¬r,§_,§_
§®µì¯ó,"1,699",132,151,143,155,¬r,§_,§_
§®µìªá,"2,720",160,198,189,190,¬r,§_,§_
¿W¨¤ÂÎ,456,105,63,50,120,¬r,§_,§_
ÅK´ß¸º,432,111,46,75,128,¬r,§_,§_
¤j°w¸Á,"1,846",139,169,130,163,¬r,§_,§_
ªü¬f³D,927,98,110,97,111,¬r,§_,§_
ªü¬f©Ç,"1,921",132,167,153,155,¬r,§_,§_
¥§¦hÄõ,816,125,86,89,146,¬r,§_,§_
¥§¦h®R,"1,309",146,117,120,172,¬r,§_,§_
¥§¦h¦Z,"2,488",173,180,173,207,¬r,§_,§_
¥§¦h®Ô,860,113,105,76,130,¬r,§_,§_
¥§¦h¤O¿Õ,"1,393",133,137,111,156,¬r,§_,§_
¥§¦h¤ý,"2,567",161,204,156,191,¬r,§_,§_
¶W­µ½»,667,105,83,73,120,¬r,§_,§_
¤j¼L½»,"1,976",153,161,150,181,¬r,§_,§_
¨«¸ô¯ó,"1,228",111,131,112,128,¬r,§_,§_
¯ä¯äªá,"1,681",132,153,136,155,¬r,§_,§_
ÅQ¤ýªá,"2,559",153,202,167,181,¬r,§_,§_
¤ò²y,"1,004",132,100,100,155,¬r,§_,§_
¼¯¾|¸¿,"2,082",146,179,143,172,¬r,§_,§_
³â¥zªÞ,"1,033",118,139,61,137,¬r,§_,§_
¤f§bªá,"1,611",139,172,92,163,¬r,§_,§_
¤j­¹ªá,"2,431",160,207,135,190,¬r,§_,§_
º¿·ê¤ô¥À,"1,040",105,97,149,120,¬r,§_,§_
¬r¨ë¤ô¥À,"2,422",160,166,209,190,¬r,§_,§_
¯äªd,"1,374",160,135,90,190,¬r,§_,§_
¯ä¯äªd,"2,757",193,190,172,233,¬r,§_,§_
°­´µ,"1,229",91,186,67,102,¬r,§_,§_
°­´µ³q,"1,963",111,223,107,128,¬r,§_,§_
¯Õ°­,"2,878",132,261,149,155,¬r,§_,§_
¥Ë´µ¼u,"1,214",105,119,141,120,¬r,§_,§_
Âù¼u¥Ë´µ,"2,293",139,174,197,163,¬r,§_,§_
¶êµ·µï,816,105,105,73,120,¬r,§_,§_
ªü§Q¦h´µ,"1,772",146,161,124,172,¬r,§_,§_
¤e¦r½»,"2,646",166,194,178,198,¬r,§_,§_
¤d°w³½,"2,051",139,184,138,163,¬r,§_,§_
¬r¯»¸¿,"1,224",132,98,162,155,¬r,§_,§_
¬rÁ¥Á¨,"1,870",118,186,131,137,¬r,§_,§_
·»­¹Ã~,866,146,80,99,172,¬r,§_,§_
§]­¹Ã~,"1,978",187,140,159,225,¬r,§_,§_
¶º°Í³D,"2,105",150,196,118,177,¬r,§_,§_
§t²Û­c,856,105,91,109,120,¬r,§_,§_
Ã¹µ·¹p¦·,"2,971",132,243,185,155,¬r,§_,§_
¯äÃ^¼P,"1,151",136,121,90,160,¬r,§_,§_
©Z§J¯äÃ^,"2,358",191,184,132,230,¬r,§_,§_
¹X§ÀÃÈ,"1,009",105,93,151,120,¬r,§_,§_
Às¤ýÃÈ,"2,453",146,180,202,172,¬r,§_,§_
¤£¨}µì,952,116,116,76,134,¬r,§_,§_
¬r¾uµì,"2,488",164,211,133,195,¬r,§_,§_
¦Ê¨¬¸¼°G,706,91,83,99,102,¬r,§_,§_
¨®½ü²A,"1,144",105,100,173,120,¬r,§_,§_
¸¼°G¤ý,"2,447",132,203,175,155,¬r,§_,§_
¯}¯}³U,"1,000",118,96,122,137,¬r,§_,§_
¦Ç¹Ð¤s,"2,345",160,181,164,190,¬r,§_,§_
«u§r²yÛ£,979,144,97,91,170,¬r,§_,§_
±ÑÅS²yÛ£,"2,140",206,155,139,249,¬r,§_,§_
¬ï¤s¹«,"1,261",118,126,120,137,¦a­±,§_,§_
¬ï¤s¤ý,"2,374",153,182,175,181,¦a­±,§_,§_
¥§¦h¦Z,"2,488",173,180,173,207,¦a­±,§_,§_
¥§¦h¤ý,"2,567",161,204,156,191,¦a­±,§_,§_
¦a¹«,676,64,109,78,67,¦a­±,§_,§_
¤T¦a¹«,"1,557",98,167,134,111,¦a­±,§_,§_
¤p®±¥Û,"1,293",105,132,132,120,¦a­±,§_,§_
¶©¶©¥Û,"1,897",125,164,164,146,¦a­±,§_,§_
¶©¶©©¥,"2,949",160,211,198,190,¦a­±,§_,§_
¤j©¥³D,"1,101",98,85,232,111,¦a­±,§_,§_
¥d©Ô¥d©Ô,"1,019",118,90,144,137,¦a­±,§_,§_
¹Ç°Õ¹Ç°Õ,"1,835",132,144,186,155,¦a­±,§_,§_
¿W¨¤µR¤û,"1,651",160,140,127,190,¦a­±,§_,§_
Æp¨¤µRÃ~,"3,179",193,222,171,233,¦a­±,§_,§_
¯Qªi,641,125,75,66,146,¦a­±,§_,§_
ªh¤ý,"1,992",180,152,143,216,¦a­±,§_,§_
¤ÑÃÈ,"1,857",139,143,184,163,¦a­±,§_,§_
¤j¿û³D,"2,414",153,148,272,181,¦a­±,§_,§_
¤p¤s½Þ,741,118,90,69,137,¦a­±,§_,§_
ªø¤ò½Þ,"2,345",187,181,138,225,¦a­±,§_,§_
¤p¤p¶H,"1,206",173,107,98,207,¦a­±,§_,§_
¹y¥Ò,"3,013",173,214,185,207,¦a­±,§_,§_
¥®°ò©Ô´µ,"1,040",118,115,93,137,¦a­±,§_,§_
¨F°ò©Ô´µ,"1,766",146,155,133,172,¦a­±,§_,§_
ªhÅD³½,"1,776",146,156,133,172,¦a­±,§_,§_
¥¨ªh©Ç,"2,974",187,208,175,225,¦a­±,§_,§_
§b¤õ¾m,"1,057",132,119,79,155,¦a­±,§_,§_
¼Q¤õ¾m,"2,193",146,194,136,172,¦a­±,§_,§_
¤jÃEÃÆ,"1,274",111,162,78,128,¦a­±,§_,§_
¶W­µªi¥®ÂÎ,"1,225",118,134,99,137,¦a­±,§_,§_
¨Fºz»f¸»,"2,661",160,205,168,190,¦a­±,§_,§_
ªdªdÄÏ,819,118,93,82,137,¦a­±,§_,§_
óÎ³½¤ý,"2,075",200,151,141,242,¦a­±,§_,§_
¤Ñ¯¯°¸,787,105,77,124,120,¦a­±,§_,§_
©À¤O¤g°¸,"1,971",132,140,229,155,¦a­±,§_,§_
©T©Ô¦h,"4,115",171,270,228,205,¦a­±,¬O,§_
¤g¥xÀt,"2,934",180,202,188,216,¦a­±,§_,§_
®ü¨ßÃ~,"2,324",202,169,143,244,¦a­±,§_,§_
¶ê³°ÃT,"1,112",129,124,84,151,¦a­±,§_,§_
¦y¤ú³°ÃT,"1,874",143,172,125,169,¦a­±,§_,§_
¯P«r³°ÃT,"3,962",198,261,193,239,¦a­±,§_,§_
¨Fªe°¨,"1,358",143,124,118,169,¦a­±,§_,§_
ªe°¨Ã~,"3,085",198,201,191,239,¦a­±,§_,§_
¶W¥Ò¨gµR,"3,733",207,241,190,251,¦a­±,§_,§_
¤ÑÃÈ¤ý,"2,692",153,185,222,181,¦a­±,§_,§_
¶H¤ú½Þ,"3,328",200,247,146,242,¦a­±,§_,§_
Á³°v¦a¹«,"1,376",132,154,85,155,¦a­±,§_,§_
ÀsÀY¦a¹«,"3,244",200,255,129,242,¦a­±,§_,§_
ÂÅÃÊßï,"1,392",153,128,109,181,¦a­±,§_,§_
ÃÊßï¤ý,"2,564",193,188,150,233,¦a­±,§_,§_
¶Â²´Æs,"1,037",118,132,69,137,¦a­±,§_,§_
²V²VÆs,"1,418",132,155,90,155,¦a­±,§_,§_
¬yª]Æs,"3,046",180,229,158,216,¦a­±,§_,§_
ªd¤Ú³½,"2,162",199,144,171,240,¦a­±,§_,§_
ªd°¸¤p¤H,"1,189",131,127,92,153,¦a­±,§_,§_
ªd°¸¥¨¤H,"2,854",171,222,154,205,¦a­±,§_,§_
¤g¦a¶³,"3,588",171,261,182,205,¦a­±,¬O,§_
¤p®±¥Û,"1,293",105,132,132,120,©¥¥Û,§_,§_
¶©¶©¥Û,"1,897",125,164,164,146,©¥¥Û,§_,§_
¶©¶©©¥,"2,949",160,211,198,190,©¥¥Û,§_,§_
¤j©¥³D,"1,101",98,85,232,111,©¥¥Û,§_,§_
¿W¨¤µR¤û,"1,651",160,140,127,190,©¥¥Û,§_,§_
Æp¨¤µRÃ~,"3,179",193,222,171,233,©¥¥Û,§_,§_
µâ¥ÛÃ~,"1,544",98,155,153,111,©¥¥Û,§_,§_
¦h¨ëµâ¥ÛÃ~,"2,786",146,207,201,172,©¥¥Û,§_,§_
¤Æ¥Û²¯,"1,370",91,148,140,102,©¥¥Û,§_,§_
ÅI¤M²¯,"2,713",132,220,186,155,©¥¥Û,§_,§_
¤Æ¥ÛÁlÀs,"2,783",160,221,159,190,©¥¥Û,§_,§_
¾ð¤~©Ç,"2,148",146,167,176,172,©¥¥Û,§_,§_
³ý³ý,405,78,17,396,85,©¥¥Û,§_,§_
º²©¥½½¤û,"1,702",118,139,191,137,©¥¥Û,§_,§_
¤Ó¶§¬À·ä,"1,378",125,118,156,146,©¥¥Û,§_,§_
¥®°ò©Ô´µ,"1,040",118,115,93,137,©¥¥Û,§_,§_
¨F°ò©Ô´µ,"1,766",146,155,133,172,©¥¥Û,§_,§_
¯Z°ò©Ô´µ,"3,834",187,251,207,225,©¥¥Û,§_,§_
´Â¥_»ó,993,91,82,215,102,©¥¥Û,§_,§_
¥i¥i¦h©Ô,"1,307",118,121,141,137,©¥¥Û,§_,§_
¥i¦h©Ô,"2,056",132,158,198,155,©¥¥Û,§_,§_
ªi¤h¥i¦h©Ô,"3,000",146,198,257,172,©¥¥Û,§_,§_
¤ë¥Û,"2,327",173,178,153,207,©¥¥Û,§_,§_
¤Ó¶§©¥,"2,327",173,178,153,207,©¥¥Û,§_,§_
Ä²¤â¦Ê¦X,"1,291",140,105,150,165,©¥¥Û,§_,§_
·nÄx¦Ê¦X,"2,211",168,152,194,200,©¥¥Û,§_,§_
¤Ó¥j¦ÐÂÎ,"1,529",111,176,100,128,©¥¥Û,§_,§_
¤Ó¥j²¯¥Ò,"2,848",153,222,174,181,©¥¥Û,§_,§_
¥jªÅ´Æ³½,"2,528",187,162,203,225,©¥¥Û,§_,§_
ÀY»\Às,"1,820",142,218,71,167,©¥¥Û,§_,§_
¾ÔºlÀs,"3,298",182,295,109,219,©¥¥Û,§_,§_
¬Þ¥ÒÀs,890,91,76,195,102,©¥¥Û,§_,§_
Å@«°Às,"1,539",132,94,286,155,©¥¥Û,§_,§_
¬Ö¤~©Ç,"1,302",118,124,133,137,©¥¥Û,§_,§_
¶W¥Ò¨gµR,"3,733",207,241,190,251,©¥¥Û,§_,§_
¤j´Â¥_»ó,"2,080",132,135,275,155,©¥¥Û,§_,§_
¥Û¤Y¤l,"1,205",125,121,110,146,©¥¥Û,§_,§_
¦a¹÷©¥,"2,029",146,174,143,172,©¥¥Û,§_,§_
Ãe©¥©Ç,"3,228",166,226,201,198,©¥¥Û,§_,§_
¥Û©~ÃÉ,"1,224",118,118,128,137,©¥¥Û,§_,§_
©¥·µ©~ÃÉ,"2,542",146,188,200,172,©¥¥Û,§_,§_
­ì»\®üÀt,"1,488",124,134,146,144,©¥¥Û,§_,§_
¦Ø°©®üÀt,"2,621",151,192,197,179,©¥¥Û,§_,§_
©l¯ª¤p³¾,"1,842",125,213,89,146,©¥¥Û,§_,§_
©l¯ª¤j³¾,"3,331",153,292,139,181,©¥¥Û,§_,§_
¥N©Ô°ò¯Î,"3,698",175,260,192,209,©¥¥Û,¬O,§_
ºñ¤òÂÎ,437,111,55,55,128,ÂÎ,§_,§_
ÅK¥Ò¸º,450,118,45,80,137,ÂÎ,§_,§_
¤Ú¤j½º,"1,827",132,167,137,155,ÂÎ,§_,§_
¿W¨¤ÂÎ,456,105,63,50,120,ÂÎ,§_,§_
ÅK´ß¸º,432,111,46,75,128,ÂÎ,§_,§_
¤j°w¸Á,"1,846",139,169,130,163,ÂÎ,§_,§_
¬£©Ô´µ,"1,018",98,121,99,111,ÂÎ,§_,§_
¬£©Ô´µ¯S,"1,859",132,165,146,155,ÂÎ,§_,§_
¤ò²y,"1,004",132,100,100,155,ÂÎ,§_,§_
¼¯¾|¸¿,"2,082",146,179,143,172,ÂÎ,§_,§_
­¸¤ÑÁ®½¸,"2,706",146,218,170,172,ÂÎ,§_,§_
³ÍÃ¹´µ,"2,959",139,238,182,163,ÂÎ,§_,§_
ªÝ¿]ÂÎ,728,105,72,118,120,ÂÎ,§_,§_
¦w¿]ÂÎ,"1,346",125,107,179,146,ÂÎ,§_,§_
¶êµ·µï,816,105,105,73,120,ÂÎ,§_,§_
ªü§Q¦h´µ,"1,772",146,161,124,172,ÂÎ,§_,§_
»f»f¸»,"1,470",139,154,94,163,ÂÎ,§_,§_
ºdªG²y,"1,108",118,108,122,137,ÂÎ,§_,§_
¦ò¯P¦«´µ,"2,282",153,161,205,181,ÂÎ,§_,§_
¥¨¹XÁ®½¸,"3,001",146,236,181,172,ÂÎ,§_,§_
³ý³ý,405,78,17,396,85,ÂÎ,§_,§_
»®©Ô§JÃ¹´µ,"3,101",160,234,179,190,ÂÎ,§_,§_
¨ë§ÀÂÎ,578,111,75,59,128,ÂÎ,§_,§_
¥Ò´ßÃµ,553,118,60,77,137,ÂÎ,§_,§_
¬¼Ây»ñ½º,"1,765",132,189,98,155,ÂÎ,§_,§_
¬Þ¥ÒÃµ,553,118,60,77,137,ÂÎ,§_,§_
¬r¯»¸¿,"1,224",132,98,162,155,ÂÎ,§_,§_
·È·È¿}²y,791,105,93,87,120,ÂÎ,§_,§_
«B¯Í¸¿,"2,270",146,192,150,172,ÂÎ,§_,§_
¹q¿ÃÂÎ,"1,771",139,143,166,163,ÂÎ,§_,§_
²¢²¢¿Ã,"1,771",139,143,166,163,ÂÎ,§_,§_
¤Ó¥j¦ÐÂÎ,"1,529",111,176,100,128,ÂÎ,§_,§_
¤Ó¥j²¯¥Ò,"2,848",153,222,174,181,ÂÎ,§_,§_
¶êªk®v,401,100,45,74,114,ÂÎ,§_,§_
­µ½cÁ¬,"1,653",155,160,100,184,ÂÎ,§_,§_
µ²¯ó¨à,488,105,53,83,120,ÂÎ,§_,§_
µ²¯ó¶Q°ü,"1,773",132,141,180,155,ÂÎ,§_,§_
²Ô¤h¸¿,"1,815",146,185,98,172,ÂÎ,§_,§_
¤T»e¸Á,494,91,59,83,102,ÂÎ,§_,§_
¸Á¤k¤ý,"2,005",146,149,190,172,ÂÎ,§_,§_
¹X§ÀÃÈ,"1,009",105,93,151,120,ÂÎ,§_,§_
»·¥j¥¨¸»,"2,946",168,231,156,200,ÂÎ,§_,§_
ÂÎÄ_¥],977,111,96,124,128,ÂÎ,§_,§_
Ä_¥]Ãµ,"1,370",125,115,162,146,ÂÎ,§_,§_
«O¥ÀÂÎ,"2,580",153,205,165,181,ÂÎ,§_,§_
¦Ê¨¬¸¼°G,706,91,83,99,102,ÂÎ,§_,§_
¨®½ü²A,"1,144",105,100,173,120,ÂÎ,§_,§_
¸¼°G¤ý,"2,447",132,203,175,155,ÂÎ,§_,§_
¥Û©~ÃÉ,"1,224",118,118,128,137,ÂÎ,§_,§_
©¥·µ©~ÃÉ,"2,542",146,188,200,172,ÂÎ,§_,§_
»\»\ÂÎ,"1,182",118,137,87,137,ÂÎ,§_,§_
ÃM¤h½½¤û,"2,889",146,223,187,172,ÂÎ,§_,§_
¹q¹qÂÎ,"1,023",118,110,98,137,ÂÎ,§_,§_
¹q»jµï,"2,206",146,201,128,172,ÂÎ,§_,§_
¤p¼L½½,834,118,72,140,137,ÂÎ,§_,§_
±Ó±¶ÂÎ,"2,441",160,220,120,190,ÂÎ,§_,§_
ÅKÃÆ,"2,659",129,217,188,151,ÂÎ,§_,§_
¿U¿NÂÎ,"1,496",125,156,107,146,ÂÎ,§_,§_
¤õ¯«¸¿,"3,632",166,264,189,198,ÂÎ,§_,§_
»\¿ÕÁÉ§J¯S,"3,353",147,252,199,174,ÂÎ,§_,¬O
°­´µ,"1,229",91,186,67,102,«ÕÆF,§_,§_
°­´µ³q,"1,963",111,223,107,128,«ÕÆF,§_,§_
¯Õ°­,"2,878",132,261,149,155,«ÕÆF,§_,§_
¹Ú§¯,"1,926",132,167,154,155,«ÕÆF,§_,§_
¤Ä»î²´,"1,476",118,141,136,137,«ÕÆF,§_,§_
«è¼v«½«½,"1,018",111,138,65,127,«ÕÆF,§_,§_
¶A©G«½«½,"2,298",138,218,126,162,«ÕÆF,§_,§_
©]¨µÆF,706,78,70,162,85,«ÕÆF,§_,§_
§Ï´a©]ÆF,"1,591",105,124,234,120,«ÕÆF,§_,§_
ÄÆÄÆ²y,"1,197",173,117,80,207,«ÕÆF,§_,§_
ÀH­·²y,"2,382",255,180,102,312,«ÕÆF,§_,§_
¹Ú§¯Å],"2,615",132,211,187,155,«ÕÆF,§_,§_
ªá©¥©Ç,"2,072",118,169,199,137,«ÕÆF,§_,§_
¶Â©]Å]ÆF,"2,388",111,180,254,128,«ÕÆF,§_,§_
³·§¯¤k,"2,040",146,171,150,172,«ÕÆF,§_,§_
¬¥¦«©i,"2,031",118,185,159,137,«ÕÆF,§_,§_
ÃM©Ô«Ò¯Ç,"3,379",233,187,225,284,«ÕÆF,¬O,§_
­ú­ú­±¨ã,982,102,95,141,116,«ÕÆF,§_,§_
¦º¯«´Ã,"2,273",129,163,237,151,«ÕÆF,§_,§_
»´ÄÆÄÆ,"1,257",125,115,134,146,«ÕÆF,§_,§_
­D¹Ê¹Ê,"2,338",187,159,178,225,«ÕÆF,§_,§_
Àë¥úÆF,"1,006",118,108,98,137,«ÕÆF,§_,§_
¿O¤õ«ÕÆF,"1,708",132,169,115,155,«ÕÆF,§_,§_
¤ô´¹¿O¤õÆF,"3,268",132,271,182,155,«ÕÆF,§_,§_
ªd°¸¤p¤H,"1,189",131,127,92,153,«ÕÆF,§_,§_
ªd°¸¥¨¤H,"2,854",171,222,154,205,«ÕÆF,§_,§_
¤pºÏ©Ç,"1,362",84,165,121,93,¿û,§_,§_
¤T¦X¤@ºÏ©Ç,"2,485",118,223,169,137,¿û,§_,§_
¦ò¯P¦«´µ,"2,282",153,161,205,181,¿û,§_,§_
¤j¿û³D,"2,414",153,148,272,181,¿û,§_,§_
¥¨¹XÁ®½¸,"3,001",146,236,181,172,¿û,§_,§_
²¯¥Ò³¾,"2,108",139,148,226,163,¿û,§_,§_
¤j¼L«½,"1,634",118,155,141,137,¿û,§_,§_
¥i¥i¦h©Ô,"1,307",118,121,141,137,¿û,§_,§_
¥i¦h©Ô,"2,056",132,158,198,155,¿û,§_,§_
ªi¤h¥i¦h©Ô,"3,000",146,198,257,172,¿û,§_,§_
ÅK°×¹a,976,105,96,132,120,¿û,§_,§_
ª÷ÄÝ©Ç,"1,721",132,138,176,155,¿û,§_,§_
¥¨ª÷©Ç,"3,791",160,257,228,190,¿û,§_,§_
¹p¦N´µ©_¾|,"2,447",160,143,285,190,¿û,§_,§_
«Ò¤ý®³ªi,"2,900",165,210,186,197,¿û,§_,§_
¬Þ¥ÒÀs,890,91,76,195,102,¿û,§_,§_
Å@«°Às,"1,539",132,94,286,155,¿û,§_,§_
»ÉÃè©Ç,603,128,43,154,149,¿û,§_,§_
«C»ÉÄÁ,"2,239",142,161,213,167,¿û,§_,§_
¸ô¥d§Q¼Ú,"2,703",146,236,144,172,¿û,§_,§_
¦ÛÃzºÏ©Ç,"3,205",146,238,205,172,¿û,§_,§_
¤j´Â¥_»ó,"2,080",132,135,275,155,¿û,§_,§_
«Ò¤ú¿c¥d,"4,038",171,275,211,205,¿û,¬O,§_
ÀsÀY¦a¹«,"3,244",200,255,129,242,¿û,§_,§_
ÃM¤h½½¤û,"2,889",146,223,187,172,¿û,§_,§_
ºØ¤lÅK²y,941,111,82,155,127,¿û,§_,§_
°íªG°×¹a,"2,321",151,158,223,179,¿û,§_,§_
¾¦½ü¨à,956,105,98,121,120,¿û,§_,§_
¾¦½ü²Õ,"1,847",132,150,174,155,¿û,§_,§_
¾¦½ü©Ç,"2,637",132,199,214,155,¿û,§_,§_
¾s¤M¤p§L,"1,433",111,154,114,128,¿û,§_,§_
¼A±Ù¥q¥O,"2,844",139,232,176,163,¿û,§_,§_
ÅKÃÆ,"2,659",129,217,188,151,¿û,§_,§_
¤Ä©¬¸ô¯Î,"3,022",175,192,229,209,¿û,¬O,§_
»\¿ÕÁÉ§J¯S,"3,353",147,252,199,174,¿û,§_,¬O
¬ü¿ý©Z,"1,068",113,118,99,130,¿û,§_,¬O
¬ü¿ý±ö¶ð,"3,599",218,226,190,264,¿û,§_,¬O
ØpÀY¥Ø,"2,386",146,195,162,172,¿û,§_,§_
¤p¤õÀs,980,103,116,93,118,¤õ,§_,§_
¤õ®£Às,"1,653",129,158,126,151,¤õ,§_,§_
¼Q¤õÀs,"2,889",157,223,173,186,¤õ,§_,§_
¤»§À,883,102,96,109,116,¤õ,§_,§_
¤E§À,"2,279",150,169,190,177,¤õ,§_,§_
¥d¸¦ª¯,"1,243",125,136,93,146,¤õ,§_,§_
­·³tª¯,"3,029",173,227,166,207,¤õ,§_,§_
¤p¤õ°¨,"1,697",118,170,127,137,¤õ,§_,§_
¯PµK°¨,"2,461",139,207,162,163,¤õ,§_,§_
Àn¼L¤õÃ~,"2,394",139,206,154,163,¤õ,§_,§_
¤õ¥ì¥¬,"3,029",139,246,179,163,¤õ,§_,§_
¤õµK³¾,"3,465",173,251,181,207,¤õ,¬O,§_
¤õ²y¹«,980,103,116,93,118,¤õ,§_,§_
¤õ©¥¹«,"1,653",129,158,126,151,¤õ,§_,§_
¤õÃzÃ~,"2,889",157,223,173,186,¤õ,§_,§_
º²©¥ÂÎ,895,105,118,71,120,¤õ,§_,§_
º²©¥½½¤û,"1,702",118,139,191,137,¤õ,§_,§_
À¹¾|¤ñ,"1,234",111,152,83,128,¤õ,§_,§_
¶Â¾|¥[,"2,635",153,224,144,181,¤õ,§_,§_
Àn¼LÄ_Ä_,"1,323",111,151,99,128,¤õ,§_,§_
ª¢«Ò,"3,473",207,235,171,251,¤õ,¬O,§_
»ñ¤ý,"3,863",179,239,244,214,¤õ,¬O,§_
¤õ¸XÂû,"1,093",111,130,87,128,¤õ,§_,§_
¤O§§Âû,"1,652",132,163,115,155,¤õ,§_,§_
¤õµKÂû,"2,848",160,240,141,190,¤õ,§_,§_
§b¤õ¾m,"1,057",132,119,79,155,¤õ,§_,§_
¼Q¤õ¾m,"2,193",146,194,136,172,¤õ,§_,§_
·Ñ¬´Àt,"2,093",146,151,203,172,¤õ,§_,§_
¤p¤õµKµU,957,111,113,86,127,¤õ,§_,§_
²r¤õµU,"1,574",138,158,105,162,¤õ,§_,§_
¯PµKµU,"2,683",154,222,151,183,¤õ,§_,§_
Àn¼Lª¢Ã~,"3,132",153,247,172,181,¤õ,§_,§_
¤ñ§J´£¥§,"3,265",187,210,210,225,¤õ,§_,¬O
·x·x½Þ,"1,083",139,115,85,163,¤õ,§_,§_
ª£ª£½Þ,"1,924",173,173,106,207,¤õ,§_,§_
ª¢ªZ¤ý,"2,982",200,235,127,242,¤õ,§_,§_
Ãz­»µU,956,118,104,94,137,¤õ,§_,§_
Ãz­»·á,"2,350",153,206,133,181,¤õ,§_,§_
¤õ¬õ¤£­Ë¯Î,"1,442",146,153,86,172,¤õ,§_,§_
¹F¼¯ÍaÍa,"3,105",193,263,114,233,¤õ,§_,§_
Àë¥úÆF,"1,006",118,108,98,137,¤õ,§_,§_
¿O¤õ«ÕÆF,"1,708",132,169,115,155,¤õ,§_,§_
¤ô´¹¿O¤õÆF,"3,268",132,271,182,155,¤õ,§_,§_
º²ÃÆÃ~,"2,395",166,204,129,198,¤õ,§_,§_
¿U¿NÂÎ,"1,496",125,156,107,146,¤õ,§_,§_
¤õ¯«¸¿,"3,632",166,264,189,198,¤õ,§_,§_
µÜ§Æ©Ô©i,"4,038",171,275,211,205,¤õ,¬O,§_
³Ç¥§Àt,946,111,94,121,127,¤ô,§_,§_
¥d«}Àt,"1,488",131,126,155,153,¤ô,§_,§_
¤ô½bÀt,"2,466",158,171,207,188,¤ô,§_,§_
¥i¹FÀn,"1,106",118,122,95,137,¤ô,§_,§_
­ô¹FÀn,"2,450",160,191,162,190,¤ô,§_,§_
°A­»½Á°B,829,105,101,82,120,¤ô,§_,§_
°A­»§g,"1,419",139,130,123,163,¤ô,§_,§_
°A­»ªa¤h,"2,586",173,182,184,207,¤ô,§_,§_
º¿·ê¤ô¥À,"1,040",105,97,149,120,¤ô,§_,§_
¬r¨ë¤ô¥À,"2,422",160,166,209,190,¤ô,§_,§_
§b§bÃ~,"1,226",173,109,98,207,¤ô,§_,§_
§b´ßÃ~,"2,545",180,177,180,216,¤ô,§_,§_
¤p®ü·à,971,139,85,121,163,¤ô,§_,§_
¥Õ®ü·à,"1,985",173,139,177,207,¤ô,§_,§_
¤j¦Þ¨©,"1,080",91,116,134,102,¤ô,§_,§_
¨ë¥Ò¨©,"2,547",118,186,256,137,¤ô,§_,§_
¤j¹XÃÉ,"1,561",91,181,124,102,¤ô,§_,§_
¥¨¹XÃÉ,"2,829",125,240,181,146,¤ô,§_,§_
¾¥®ü°¨,"1,056",91,129,103,102,¤ô,§_,§_
®ü¨ëÀs,"2,093",125,187,156,146,¤ô,§_,§_
¨¤ª÷³½,"1,152",111,123,110,128,¤ô,§_,§_
ª÷³½¤ý,"2,162",160,175,147,190,¤ô,§_,§_
®ü¬P¬P,"1,157",91,137,112,102,¤ô,§_,§_
Ä_¥Û®ü¬P,"2,584",132,210,184,155,¤ô,§_,§_
ÃU³½¤ý,274,78,29,85,85,¤ô,§_,§_
¼ÉÃUÀs,"3,391",180,237,186,216,¤ô,§_,§_
©Ô´¶©Ô´µ,"2,641",228,165,174,277,¤ô,§_,§_
¤ô¥ì¥¬,"3,114",228,205,161,277,¤ô,§_,§_
µâ¥ÛÃ~,"1,544",98,155,153,111,¤ô,§_,§_
¦h¨ëµâ¥ÛÃ~,"2,786",146,207,201,172,¤ô,§_,§_
¤Æ¥Û²¯,"1,370",91,148,140,102,¤ô,§_,§_
ÅI¤M²¯,"2,713",132,220,186,155,¤ô,§_,§_
¤p¿÷Æs,"1,131",118,117,109,137,¤ô,§_,§_
ÂÅÆs,"1,722",139,150,142,163,¤ô,§_,§_
¤j¤OÆs,"2,857",166,205,188,198,¤ô,§_,§_
¿OÅ¢³½,"1,119",153,106,97,181,¤ô,§_,§_
¹q¿O©Ç,"2,085",221,146,137,268,¤ô,§_,§_
º¿¤OÅS,461,146,37,93,172,¤ô,§_,§_
º¿¤OÅSÄR,"1,588",187,112,152,225,¤ô,§_,§_
°A­»µì¬Ó,"2,449",173,174,179,207,¤ô,§_,§_
¯Qªi,641,125,75,66,146,¤ô,§_,§_
ªh¤ý,"1,992",180,152,143,216,¤ô,§_,§_
§b§b¤ý,"2,545",180,177,180,216,¤ô,§_,§_
¤d°w³½,"2,051",139,184,138,163,¤ô,§_,§_
¤Ó¶§¬À·ä,"1,378",125,118,156,146,¤ô,§_,§_
ÅK¬¶³½,912,98,127,69,111,¤ô,§_,§_
³¹³½±í,"2,315",153,197,141,181,¤ô,§_,§_
¥¨¯Í­¸³½,"2,108",139,148,226,163,¤ô,§_,§_
¨ëÀs¤ý,"2,641",153,194,194,181,¤ô,§_,§_
¤ô§g,"2,983",187,180,235,225,¤ô,¬O,§_
¤ôÅD³½,"1,128",118,126,93,137,¤ô,§_,§_
ªhÅD³½,"1,776",146,156,133,172,¤ô,§_,§_
¥¨ªh©Ç,"2,974",187,208,175,225,¤ô,§_,§_
½¬¸­µ£¤l,598,105,71,77,120,¤ô,§_,§_
½¬´U¤pµ£,"1,197",132,112,119,155,¤ô,§_,§_
¼Ö¤Ñªeµ£,"2,323",160,173,176,190,¤ô,§_,§_
ªø¯ÍÅÃ,765,105,106,61,120,¤ô,§_,§_
¤j¼LÅÃ,"2,127",132,175,174,155,¤ô,§_,§_
·È·È¿}²y,791,105,93,87,120,¤ô,§_,§_
§Q¤ú³½,"1,020",111,171,39,128,¤ô,§_,§_
¥¨¤úÃT,"2,181",146,243,83,172,¤ô,§_,§_
§q§qÄH,"1,468",228,136,68,277,¤ô,§_,§_
§qÄH¤ý,"2,280",283,175,87,347,¤ô,§_,§_
ªdªdÄÏ,819,118,93,82,137,¤ô,§_,§_
óÎ³½¤ý,"2,075",200,151,141,242,¤ô,§_,§_
Às½¼¤p§L,"1,230",109,141,99,125,¤ô,§_,§_
ÅKîgÀs½¼,"2,474",136,224,142,160,¤ô,§_,§_
ÁàÁà³½,274,78,29,85,85,¤ô,§_,§_
¬ü¯Ç´µ,"3,005",180,192,219,216,¤ô,§_,§_
®ü°\²y,962,146,95,90,172,¤ô,§_,§_
®üÅ]·à,"1,714",173,137,132,207,¤ô,§_,§_
«Ò¤ú®ü·à,"2,726",200,182,176,242,¤ô,§_,§_
¥jªÅ´Æ³½,"2,528",187,162,203,225,¤ô,§_,§_
·R¤ß³½,848,109,81,128,125,¤ô,§_,§_
»\¼Ú¥d,"4,115",171,270,228,205,¤ô,¬O,§_
ªi¥[°Ò,"1,075",122,112,102,142,¤ô,§_,§_
ªi¬Ó¤l,"1,701",138,150,139,162,¤ô,§_,§_
«Ò¤ý®³ªi,"2,900",165,210,186,197,¤ô,§_,§_
¤j§À¯W,"1,823",158,162,119,188,¤ô,§_,§_
ªa°éÃ^,"1,054",125,132,67,146,¤ô,§_,§_
¯B¼çÃ^,"2,443",166,221,114,198,¤ô,§_,§_
µL´ß®ü¨ß,"1,136",154,103,105,183,¤ô,§_,§_
®ü¨ßÃ~,"2,324",202,169,143,244,¤ô,§_,§_
¿Ã¥ú³½,971,117,96,116,135,¤ô,§_,§_
ÀO­i³½,"1,814",144,142,170,170,¤ô,§_,§_
¤p²y­¸³½,"1,248",111,105,179,128,¤ô,§_,§_
¤ô¤ôÃ¡,"1,046",125,117,85,146,¤ô,§_,§_
Âù¤b¤Y,"1,741",153,159,116,181,¤ô,§_,§_
¤j¼C°­,"2,826",180,212,157,216,¤ô,§_,§_
§N¤ôµU,956,118,104,94,137,¤ô,§_,§_
§N¤ô·á,"2,350",153,206,133,181,¤ô,§_,§_
¶ê½Á°B,839,118,98,78,137,¤ô,§_,§_
ÂÅÃÊßï,"1,392",153,128,109,181,¤ô,§_,§_
ÃÊßï¤ý,"2,564",193,188,150,233,¤ô,§_,§_
³¥ÆZÆt³½,"2,090",146,189,129,172,¤ô,§_,§_
­ì»\®üÀt,"1,488",124,134,146,144,¤ô,§_,§_
¦Ø°©®üÀt,"2,621",151,192,197,179,¤ô,§_,§_
ÀnÄ_Ä_,856,135,84,96,158,¤ô,§_,§_
»R¤ÑÃZ,"2,088",153,182,132,181,¤ô,§_,§_
»´ÄÆÄÆ,"1,257",125,115,134,146,¤ô,§_,§_
­D¹Ê¹Ê,"2,338",187,159,178,225,¤ô,§_,§_
«O¥À°Òªi,"2,169",275,138,131,338,¤ô,§_,§_
³Í¸ô­}¼Ú,"3,698",175,260,192,209,¤ô,§_,¬O
§®µìºØ¤l,"1,115",111,118,111,128,¯ó,§_,§_
§®µì¯ó,"1,699",132,151,143,155,¯ó,§_,§_
§®µìªá,"2,720",160,198,189,190,¯ó,§_,§_
¨«¸ô¯ó,"1,228",111,131,112,128,¯ó,§_,§_
¯ä¯äªá,"1,681",132,153,136,155,¯ó,§_,§_
ÅQ¤ýªá,"2,559",153,202,167,181,¯ó,§_,§_
¬£©Ô´µ,"1,018",98,121,99,111,¯ó,§_,§_
¬£©Ô´µ¯S,"1,859",132,165,146,155,¯ó,§_,§_
³â¥zªÞ,"1,033",118,139,61,137,¯ó,§_,§_
¤f§bªá,"1,611",139,172,92,163,¯ó,§_,§_
¤j­¹ªá,"2,431",160,207,135,190,¯ó,§_,§_
³J³J,"1,175",132,107,125,155,¯ó,§_,§_
·¦³J¾ð,"3,014",180,233,149,216,¯ó,§_,§_
½¯ÃÃ©Ç,"2,238",139,183,169,163,¯ó,§_,§_
µâ¯ó¸­,935,111,92,122,128,¯ó,§_,§_
¤ë®Û¸­,"1,454",132,122,155,155,¯ó,§_,§_
¤jªÇ¸ª,"2,410",160,168,202,190,¯ó,§_,§_
¬üÄRªá,"2,281",153,169,186,181,¯ó,§_,§_
··¤l¯ó,600,98,67,94,111,¯ó,§_,§_
··¤lªá,976,125,91,120,146,¯ó,§_,§_
··¤l´Ö,"1,636",153,118,183,181,¯ó,§_,§_
¦V¤éºØ¤l,395,91,55,55,102,¯ó,§_,§_
¦V¤éªá©Ç,"2,141",153,185,135,181,¯ó,§_,§_
®É©Ô¤ñ,"3,265",187,210,210,225,¯ó,§_,¬O
¤ì¦u®c,"1,053",105,124,94,120,¯ó,§_,§_
´ËªL»h»i,"1,673",118,172,120,137,¯ó,§_,§_
»h»i¤ý,"2,757",146,223,169,172,¯ó,§_,§_
½¬¸­µ£¤l,598,105,71,77,120,¯ó,§_,§_
½¬´U¤pµ£,"1,197",132,112,119,155,¯ó,§_,§_
¼Ö¤Ñªeµ£,"2,323",160,173,176,190,¯ó,§_,§_
¾ó¹êªG,598,105,71,77,120,¯ó,§_,§_
ªø»ó¸­,"1,227",146,134,78,172,¯ó,§_,§_
¬¾·â¤Ñª¯,"2,333",173,200,121,207,¯ó,§_,§_
Ä¨Ä¨Û£,810,132,74,110,155,¯ó,§_,§_
¤æ²ÁÛ£,"2,628",132,241,144,155,¯ó,§_,§_
¬rÁ¥Á¨,"1,870",118,186,131,137,¯ó,§_,§_
¨ë²y¥P¤H´x,"1,242",118,156,74,137,¯ó,§_,§_
¹Úºq¥P¤H´x,"2,298",146,221,115,172,¯ó,§_,§_
Ä²¤â¦Ê¦X,"1,291",140,105,150,165,¯ó,§_,§_
·nÄx¦Ê¦X,"2,211",168,152,194,200,¯ó,§_,§_
¼ö±aÀs,"1,941",186,136,163,223,¯ó,§_,§_
¯ó­]Àt,"1,187",125,119,110,146,¯ó,§_,§_
¾ðªLÀt,"1,890",153,157,143,181,¯ó,§_,§_
¤g¥xÀt,"2,934",180,202,188,216,¯ó,§_,§_
§t²Û­c,856,105,91,109,120,¯ó,§_,§_
Ã¹µ·¹p¦·,"2,971",132,243,185,155,¯ó,§_,§_
µ²¯ó¶Q°ü,"1,773",132,141,180,155,¯ó,§_,§_
ÄåªáÄ_,950,111,108,92,128,¯ó,§_,§_
Äåªá¨à,"2,048",146,170,153,172,¯ó,§_,§_
¦y¤úÅ¢,"2,159",151,187,136,179,¯ó,§_,§_
³·²Á©Ç,"1,159",132,115,105,155,¯ó,§_,§_
¼É³·¤ý,"2,362",173,178,158,207,¯ó,§_,§_
¥¨½¯ÃÃ,"3,030",187,207,184,225,¯ó,§_,§_
¸­¥ì¥¬,"2,944",139,216,219,163,¯ó,§_,§_
ÃÃÃÃ³D,849,111,88,107,128,¯ó,§_,§_
«CÃÃ³D,"1,441",132,122,152,155,¯ó,§_,§_
§g¥D³D,"2,277",153,161,204,181,¯ó,§_,§_
ªá·¦µU,956,118,104,94,137,¯ó,§_,§_
ªá·¦·á,"2,350",153,206,133,181,¯ó,§_,§_
ÂÎÄ_¥],977,111,96,124,128,¯ó,§_,§_
Ä_¥]Ãµ,"1,370",125,115,162,146,¯ó,§_,§_
«O¥ÀÂÎ,"2,580",153,205,165,181,¯ó,§_,§_
¤ì´Ö²y,700,105,71,111,120,¯ó,§_,§_
­·§¯ºë,"2,014",132,164,176,155,¯ó,§_,§_
¦Ê¦X®Ú«½«½,"1,030",111,119,91,128,¯ó,§_,§_
¸È¨à¤p©j,"2,550",146,214,155,172,¯ó,§_,§_
¨F¹a¥P¤H´x,"2,274",153,201,130,181,¯ó,§_,§_
¥|©u³À,"1,135",132,115,100,155,¯ó,§_,§_
µÞªÞ³À,"2,416",160,198,146,190,¯ó,§_,§_
«u§r²yÛ£,979,144,97,91,170,¯ó,§_,§_
±ÑÅS²yÛ£,"2,140",206,155,139,249,¯ó,§_,§_
ºØ¤lÅK²y,941,111,82,155,127,¯ó,§_,§_
°íªG°×¹a,"2,321",151,158,223,179,¯ó,§_,§_
²¦¤O¦N¯Î,"3,022",175,192,229,209,¯ó,¬O,§_
¥Ö¥d¥C,938,98,112,96,111,¹q,§_,§_
¹p¥C,"2,182",132,193,151,155,¹q,§_,§_
¤pºÏ©Ç,"1,362",84,165,121,93,¹q,§_,§_
¤T¦X¤@ºÏ©Ç,"2,485",118,223,169,137,¹q,§_,§_
ÅRÆE¹q²y,"1,010",105,109,111,120,¹q,§_,§_
¹x¥Ö¹p¼u,"2,099",132,173,173,155,¹q,§_,§_
¹qÀ»Ã~,"2,334",139,198,158,163,¹q,§_,§_
¹p¥ì¥¬,"2,888",139,232,182,163,¹q,§_,§_
°{¹q³¾,"3,527",173,253,185,207,¹q,¬O,§_
¿OÅ¢³½,"1,119",153,106,97,181,¹q,§_,§_
¹q¿O©Ç,"2,085",221,146,137,268,¹q,§_,§_
¥Ö¥C,473,78,77,53,85,¹q,§_,§_
«§§Q¦Ï,991,125,114,79,146,¹q,§_,§_
¯ñ¯ñ¦Ï,"1,521",146,145,109,172,¹q,§_,§_
¹qÀs,"2,852",173,211,169,207,¹q,§_,§_
¹qÀ»©Ç,"1,206",111,135,101,128,¹q,§_,§_
¹p¤½,"3,452",173,241,195,207,¹q,¬O,§_
¸¨¹pÃ~,965,105,123,78,120,¹q,§_,§_
¹p¹qÃ~,"2,340",146,215,127,172,¹q,§_,§_
¥¿¹q©ç©ç,"1,778",132,167,129,155,¹q,§_,§_
­t¹q©ç©ç,"1,694",132,147,150,155,¹q,§_,§_
¤p¿ß©Ç,876,111,117,64,128,¹q,§_,§_
°Ç§J¿ß,"1,486",132,159,95,155,¹q,§_,§_
­Ûµ^¿ß,"2,888",160,232,156,190,¹q,§_,§_
©¬©_§Q¯÷,"1,213",132,94,172,155,¹q,§_,§_
¦ÛÃzºÏ©Ç,"3,205",146,238,205,172,¹q,§_,§_
¹qÀ»Å]Ã~,"3,079",153,249,163,181,¹q,§_,§_
¬¥¦«©i,"2,031",118,185,159,137,¹q,§_,§_
´³´³°¨,882,111,118,64,128,¹q,§_,§_
¹p¹q´³°¨,"2,428",153,211,136,181,¹q,§_,§_
¹q­¸¹«,"1,633",125,158,127,146,¹q,§_,§_
¹q¹qÂÎ,"1,023",118,110,98,137,¹q,§_,§_
¹q»jµï,"2,206",146,201,128,172,¹q,§_,§_
³Â³Â¤p³½,811,98,105,78,111,¹q,§_,§_
³Â³ÂÅÁ,"1,715",139,156,130,163,¹q,§_,§_
³Â³ÂÅÁ³½¤ý,"2,732",166,217,152,198,¹q,§_,§_
ªd¤Ú³½,"2,162",199,144,171,240,¹q,§_,§_
¹p¹q¶³,"3,345",158,266,164,188,¹q,¬O,§_
±¶§JÃ¹©i,"4,038",171,275,211,205,¹q,¬O,§_
³Í¦è,"1,342",84,195,82,93,¶W¯à¤O,§_,§_
«i°ò©Ô,"2,059",105,232,117,120,¶W¯à¤O,§_,§_
­J¦a,"3,057",125,271,167,146,¶W¯à¤O,§_,§_
§b§bÃ~,"1,226",173,109,98,207,¶W¯à¤O,§_,§_
§b´ßÃ~,"2,545",180,177,180,216,¶W¯à¤O,§_,§_
¶Ê¯vðñ,"1,040",132,89,136,155,¶W¯à¤O,§_,§_
¤Þ¹Úðñ¤H,"2,090",166,144,193,198,¶W¯à¤O,§_,§_
³J³J,"1,175",132,107,125,155,¶W¯à¤O,§_,§_
·¦³J¾ð,"3,014",180,233,149,216,¶W¯à¤O,§_,§_
Ä_¥Û®ü¬P,"2,584",132,210,184,155,¶W¯à¤O,§_,§_
Å]Àð¤H°¸,"2,228",105,192,205,120,¶W¯à¤O,§_,§_
°g®B©j,"2,555",139,223,151,163,¶W¯à¤O,§_,§_
¶W¹Ú,"4,178",179,300,182,214,¶W¯à¤O,¬O,§_
¹Ú¤Û,"3,265",187,210,210,225,¶W¯à¤O,§_,¬O
¤ÑµM³¶,"1,102",105,134,89,120,¶W¯à¤O,§_,§_
¤ÑµM³¾,"2,188",139,192,146,163,¶W¯à¤O,§_,§_
¤Ó¶§¥ì¥¬,"3,170",139,261,175,163,¶W¯à¤O,§_,§_
§b§b¤ý,"2,545",180,177,180,216,¶W¯à¤O,§_,§_
¥¼ª¾¹ÏÄË,"1,185",116,136,91,134,¶W¯à¤O,§_,§_
ªGµM¯Î,"1,026",310,60,106,382,¶W¯à¤O,§_,§_
ÄQÅï©_,"2,046",146,182,133,172,¶W¯à¤O,§_,§_
°g®B«½,"1,291",111,153,91,128,¶W¯à¤O,§_,§_
¬¥©_¨È,"3,703",195,193,310,235,¶W¯à¤O,¬O,§_
®É©Ô¤ñ,"3,265",187,210,210,225,¶W¯à¤O,§_,¬O
©Ô¾|©Ôµ·,539,89,79,59,99,¶W¯à¤O,§_,§_
©_¾|²ú¦w,966,102,117,90,116,¶W¯à¤O,§_,§_
¨F©`¦·,"3,093",143,237,195,169,¶W¯à¤O,§_,§_
º¿¨F¨º,693,91,78,107,102,¶W¯à¤O,§_,§_
«ê¹p©i,"1,431",132,121,152,155,¶W¯à¤O,§_,§_
¸õ¸õ½Þ,"1,334",132,125,122,155,¶W¯à¤O,§_,§_
¼P¼P½Þ,"2,369",160,171,188,190,¶W¯à¤O,§_,§_
¤ë¥Û,"2,327",173,178,153,207,¶W¯à¤O,§_,§_
¤Ó¶§©¥,"2,327",173,178,153,207,¶W¯à¤O,§_,§_
¤Ñ¯¯°¸,787,105,77,124,120,¶W¯à¤O,§_,§_
©À¤O¤g°¸,"1,971",132,140,229,155,¶W¯à¤O,§_,§_
­·¹a¹a,"2,259",153,175,170,181,¶W¯à¤O,§_,§_
¤pªGµM,534,180,41,86,216,¶W¯à¤O,§_,§_
ÅK°×¹a,976,105,96,132,120,¶W¯à¤O,§_,§_
ª÷ÄÝ©Ç,"1,721",132,138,176,155,¶W¯à¤O,§_,§_
¥¨ª÷©Ç,"3,791",160,257,228,190,¶W¯à¤O,§_,§_
©Ô«Ò¨È´µ,"3,510",160,228,246,190,¶W¯à¤O,¬O,§_
©Ô«Ò¼Ú´µ,"3,812",160,268,212,190,¶W¯à¤O,¬O,§_
¥N¼Ú©_§Æ´µ,"3,160",118,345,115,137,¶W¯à¤O,§_,¬O
¹aÅLÅT,"1,005",111,114,94,128,¶W¯à¤O,§_,§_
»ÉÃè©Ç,603,128,43,154,149,¶W¯à¤O,§_,§_
«C»ÉÄÁ,"2,239",142,161,213,167,¶W¯à¤O,§_,§_
Å]¥§¥§,"1,095",78,125,142,85,¶W¯à¤O,§_,§_
¦ã¸ô¹p¦·,"3,093",143,237,195,169,¶W¯à¤O,§_,§_
§J¹p¦â§Q¨È,"2,857",214,152,258,260,¶W¯à¤O,¬O,§_
¤ñ§J´£¥§,"3,265",187,210,210,225,¶W¯à¤O,§_,¬O
­¹¹Ú¹Ú,"1,145",154,111,92,183,¶W¯à¤O,§_,§_
¹Ú¹Ú»k,"2,723",209,183,166,253,¶W¯à¤O,§_,§_
ºuºu½¿½»,"1,016",139,107,85,163,¶W¯à¤O,§_,§_
¤ß½¿½»,"1,716",142,161,119,167,¶W¯à¤O,§_,§_
¶H¼x³¾,"2,550",149,204,167,176,¶W¯à¤O,§_,§_
­ô¼wÄ_Ä_,951,111,98,112,128,¶W¯à¤O,§_,§_
­ô¼w¤pµ£,"1,604",132,137,153,155,¶W¯à¤O,§_,§_
­ô¼w¤p©j,"2,419",146,176,205,172,¶W¯à¤O,§_,§_
³æ§Z²Ó­M²y,"1,367",111,170,83,128,¶W¯à¤O,§_,§_
Âù§Z²Ó­M²y,"2,018",139,208,103,163,¶W¯à¤O,§_,§_
¤H³y²Ó­M§Z,"2,927",200,214,148,242,¶W¯à¤O,§_,§_
¤p¦Ç©Ç,"1,385",125,148,100,146,¶W¯à¤O,§_,§_
¤j¦t©Ç,"2,753",153,221,163,181,¶W¯à¤O,§_,§_
¬ü¬¥­C¶ð,"3,972",187,250,225,225,¶W¯à¤O,§_,¬O
¥Õ®ü·à,"1,985",173,139,177,207,¦B,§_,§_
¨ë¥Ò¨©,"2,547",118,186,256,137,¦B,§_,§_
°g®B©j,"2,555",139,223,151,163,¦B,§_,§_
©Ô´¶©Ô´µ,"2,641",228,165,174,277,¦B,§_,§_
«æ­á³¾,"3,051",173,192,236,207,¦B,¬O,§_
Ëc©Ô,"2,051",125,189,146,146,¦B,§_,§_
¤p¤s½Þ,741,118,90,69,137,¦B,§_,§_
ªø¤ò½Þ,"2,345",187,181,138,225,¦B,§_,§_
«H¨Ï³¾,"1,094",111,128,90,128,¦B,§_,§_
°g®B«½,"1,291",111,153,91,128,¦B,§_,§_
³·µ£¤l,888,118,95,95,137,¦B,§_,§_
¦B°­Å@,"2,105",160,162,162,190,¦B,§_,§_
®ü°\²y,962,146,95,90,172,¦B,§_,§_
®üÅ]·à,"1,714",173,137,132,207,¦B,§_,§_
«Ò¤ú®ü·à,"2,726",200,182,176,242,¦B,§_,§_
¹p¦N¦ã´µ,"3,122",160,179,309,190,¦B,¬O,§_
³·²Á©Ç,"1,159",132,115,105,155,¦B,§_,§_
¼É³·¤ý,"2,362",173,178,158,207,¦B,§_,§_
º¿Ëc©Ô,"3,005",146,243,171,172,¦B,§_,§_
¦B¥ì¥¬,"3,126",139,238,205,163,¦B,§_,§_
¶H¤ú½Þ,"3,328",200,247,146,242,¦B,§_,§_
³·§¯¤k,"2,040",146,171,150,172,¦B,§_,§_
°g§A¦B,"1,033",100,118,106,113,¦B,§_,§_
¦h¦h¦B,"1,591",120,151,138,139,¦B,§_,§_
Âù­¿¦h¦h¦B,"2,822",147,218,184,174,¦B,§_,§_
¼QÀ¡ºµ,"1,069",125,128,74,146,¦B,§_,§_
­á­ìºµ,"3,042",180,233,152,216,¦B,§_,§_
´X¦ó³·ªá,"2,798",160,190,218,190,¦B,§_,§_
­©¹p©i,"3,575",203,246,170,245,¦B,¬O,§_
°g§AÀs,"1,004",106,119,91,121,Às,§_,§_
«¢§JÀs,"1,780",133,163,135,156,Às,§_,§_
§ÖÀs,"3,792",175,263,198,209,Às,§_,§_
¨ëÀs¤ý,"2,641",153,194,194,181,Às,§_,§_
¶W­µªi¥®ÂÎ,"1,225",118,134,99,137,Às,§_,§_
¨Fºz»f¸»,"2,661",160,205,168,190,Às,§_,§_
¤C¤i«C³¾,"2,004",153,141,201,181,Às,§_,§_
Ä_¨©Às,"1,156",111,134,93,128,Às,§_,§_
¥Ò´ßÀs,"2,031",139,172,155,163,Às,§_,§_
¼É­¸Às,"3,749",180,277,168,216,Às,§_,§_
©Ô«Ò¨È´µ,"3,510",160,228,246,190,Às,¬O,§_
©Ô«Ò¼Ú´µ,"3,812",160,268,212,190,Às,¬O,§_
¯PªÅ§¤,"3,835",178,284,170,213,Às,¬O,§_
¶ê³°ÃT,"1,112",129,124,84,151,Às,§_,§_
¦y¤ú³°ÃT,"1,874",143,172,125,169,Às,§_,§_
¯P«r³°ÃT,"3,962",198,261,193,239,Às,§_,§_
«Ò¤ú¿c¥d,"4,038",171,275,211,205,Às,¬O,§_
ÃM©Ô«Ò¯Ç,"3,379",233,187,225,284,Às,¬O,§_
¤ú¤ú,"1,368",113,154,101,130,Às,§_,§_
©ò¤úÀs,"2,234",140,212,123,165,Às,§_,§_
Âù©ò¾ÔÀs,"3,593",154,284,172,183,Às,§_,§_
¨ª­±Às,"2,732",155,213,170,184,Às,§_,§_
³æ­ºÀs,"1,062",121,116,93,141,Às,§_,§_
Âù­º¼ÉÀs,"1,839",149,159,135,176,Às,§_,§_
¤T­º´cÀs,"3,625",176,256,188,211,Às,§_,§_
µÜ§Æ©Ô©i,"4,038",171,275,211,205,Às,¬O,§_
±¶§JÃ¹©i,"4,038",171,275,211,205,Às,¬O,§_
­©¹p©i,"3,575",203,246,170,245,Às,¬O,§_
¤ë«G¥ì¥¬,"2,137",180,126,240,216,´c,§_,§_
¶Â·t¾~,"1,562",132,175,87,155,´c,§_,§_
Ëc©Ô,"2,051",125,189,146,146,´c,§_,§_
À¹¾|¤ñ,"1,234",111,152,83,128,´c,§_,§_
¶Â¾|¥[,"2,635",153,224,144,181,´c,§_,§_
¯Z°ò©Ô´µ,"3,834",187,251,207,225,´c,§_,§_
¤g¯T¤ü,678,98,96,61,111,´c,§_,§_
¤j¯T¤ü,"1,926",146,171,132,172,´c,§_,§_
ªø»ó¸­,"1,227",146,134,78,172,´c,§_,§_
¬¾·â¤Ñª¯,"2,333",173,200,121,207,´c,§_,§_
¤Ä»î²´,"1,476",118,141,136,137,´c,§_,§_
§Q¤ú³½,"1,020",111,171,39,128,´c,§_,§_
¥¨¤úÃT,"2,181",146,243,83,172,´c,§_,§_
¹Úºq¥P¤H´x,"2,298",146,221,115,172,´c,§_,§_
ÅKîgÀs½¼,"2,474",136,224,142,160,´c,§_,§_
ªü«k±ô¾|,"2,526",139,246,120,163,´c,§_,§_
¯Q¾~ÀYÀY,"2,711",187,243,103,225,´c,§_,§_
¯äÃ^¼P,"1,151",136,121,90,160,´c,§_,§_
©Z§J¯äÃ^,"2,358",191,184,132,230,´c,§_,§_
ªá©¥©Ç,"2,072",118,169,199,137,´c,§_,§_
Às¤ýÃÈ,"2,453",146,180,202,172,´c,§_,§_
º¿Ëc©Ô,"3,005",146,243,171,172,´c,§_,§_
¥¶¤â¿ß,772,106,98,73,121,´c,§_,§_
»Å°\,"1,846",138,187,106,162,´c,§_,§_
¶Â²´Æs,"1,037",118,132,69,137,´c,§_,§_
²V²VÆs,"1,418",132,155,90,155,´c,§_,§_
¬yª]Æs,"3,046",180,229,158,216,´c,§_,§_
·Æ·Æ¤p¤l,"1,372",118,132,132,137,´c,§_,§_
ÀY¤y²V²V,"2,283",139,163,222,163,´c,§_,§_
¯ÁÃ¹¨È,"1,175",105,153,78,120,´c,§_,§_
¯ÁÃ¹¨È§J,"2,571",132,250,127,155,´c,§_,§_
¾s¤M¤p§L,"1,433",111,154,114,128,´c,§_,§_
¼A±Ù¥q¥O,"2,844",139,232,176,163,´c,§_,§_
¨rÆN¤XÀY,"1,271",146,105,139,172,´c,§_,§_
¨rÆN®R,"2,138",200,129,205,242,´c,§_,§_
³æ­ºÀs,"1,062",121,116,93,141,´c,§_,§_
Âù­º¼ÉÀs,"1,839",149,159,135,176,´c,§_,§_
¤T­º´cÀs,"3,625",176,256,188,211,´c,§_,§_
°ôÄdºµ,"2,652",177,180,194,212,´c,§_,§_
¥Ö¥Ö,"1,155",146,107,108,172,§¯ºë,§_,§_
¥Ö¥i¦è,"2,437",180,178,162,216,§¯ºë,§_,§_
­D¤B,724,207,80,41,251,§¯ºë,§_,§_
­D¥i¤B,"1,926",242,156,90,295,§¯ºë,§_,§_
Å]Àð¤H°¸,"2,228",105,192,205,120,§¯ºë,§_,§_
¥ÖÄ_Ä_,671,118,75,79,137,§¯ºë,§_,§_
Ä_Ä_¤B,535,173,69,32,207,§¯ºë,§_,§_
ªi§J¤ñ,657,98,67,116,111,§¯ºë,§_,§_
ªi§J°ò¥j,"1,708",125,139,181,146,§¯ºë,§_,§_
º¿¤OÅS,461,146,37,93,172,§¯ºë,§_,§_
º¿¤OÅSÄR,"1,588",187,112,152,225,§¯ºë,§_,§_
¥¬¾|,"1,237",132,137,85,155,§¯ºë,§_,§_
¥¬¾|¬Ó,"2,552",173,212,131,207,§¯ºë,§_,§_
©Ô¾|©Ôµ·,539,89,79,59,99,§¯ºë,§_,§_
©_¾|²ú¦w,966,102,117,90,116,§¯ºë,§_,§_
¨F©`¦·,"3,093",143,237,195,169,§¯ºë,§_,§_
ÅS¤OÄR,364,118,36,71,137,§¯ºë,§_,§_
¤j¼L«½,"1,634",118,155,141,137,§¯ºë,§_,§_
Å]¥§¥§,"1,095",78,125,142,85,§¯ºë,§_,§_
ªi§J°ò´µ,"3,332",166,225,217,198,§¯ºë,§_,§_
¤ì´Ö²y,700,105,71,111,120,§¯ºë,§_,§_
­·§¯ºë,"2,014",132,164,176,155,§¯ºë,§_,§_
,"1,437",140,126,122,165,,,
